path_index_zero_based,scene_number_one_based,window_index,window_start_seconds,nr_db,disturbance_energy,residual_energy,is_negative_nr
8,9,0,20.0,4.007877826690674,0.7884649038314819,0.3133246898651123,0
8,9,1,22.0,3.3252475261688232,0.6178971529006958,0.28733694553375244,0
8,9,2,24.0,3.8343703746795654,0.3086715042591095,0.12766137719154358,0
8,9,3,26.0,4.056290149688721,0.7673391699790955,0.3015493154525757,0
9,10,0,20.0,0.9401512145996094,1.1537678241729736,0.9291874170303345,0
9,10,1,22.0,0.8530606031417847,0.9205125570297241,0.7563514709472656,0
9,10,2,24.0,1.0151931047439575,0.6489721536636353,0.5136966705322266,0
9,10,3,26.0,0.959647536277771,1.2305448055267334,0.9865808486938477,0
