path_index_zero_based,scene_number_one_based,mean_nr_db,std_nr_db,min_window_nr_db,max_window_nr_db,negative_window_count,num_windows
0,1,4.304348945617676,0.34265067860797155,3.927946090698242,4.725900650024414,0,4
1,2,4.432443261146545,0.3224626159435115,3.8809032440185547,4.664122581481934,0,4
2,3,3.7329065799713135,0.28577451498687856,3.2916250228881836,4.0761799812316895,0,4
3,4,3.421172022819519,0.3336389314640042,3.054800033569336,3.7722136974334717,0,4
4,5,3.6632742881774902,0.2995115885407684,3.205319881439209,3.9385125637054443,0,4
5,6,3.285049080848694,0.23213819519219053,2.9733004570007324,3.5130093097686768,0,4
6,7,0.37714942544698715,0.04586121346628792,0.3313140273094177,0.45263513922691345,0,4
7,8,3.723393678665161,0.304522229598395,3.1959829330444336,3.904920816421509,0,4
