path_index_zero_based,scene_number_one_based,mean_nr_db,std_nr_db,min_window_nr_db,max_window_nr_db,negative_window_count,num_windows
8,9,3.805946469306946,0.2895373998867274,3.3252475261688232,4.056290149688721,0,4
9,10,0.9420131146907806,0.05827156200007544,0.8530606031417847,1.0151931047439575,0,4
