{
  "seed": 2026,
  "best_step": 11000,
  "best_validation_nr_db": 12.498599238693714,
  "seen_paths": {
    "mean_sample_nr_db": 10.508307829499245,
    "std_sample_nr_db": 4.4178121256129215,
    "pooled_energy_nr_db": 6.571391716484385,
    "worst_sample_nr_db": 0.6879018545150757,
    "best_sample_nr_db": 15.203397750854492,
    "worst_path_mean_nr_db": 0.7720414400100708,
    "best_path_mean_nr_db": 14.045666456222534,
    "negative_sample_count": 0,
    "negative_path_count": 0,
    "num_samples": 32,
    "num_paths": 8
  },
  "unseen_paths": {
    "mean_sample_nr_db": 6.798785507678986,
    "std_sample_nr_db": 5.373403073048307,
    "pooled_energy_nr_db": 3.339670535746993,
    "worst_sample_nr_db": 1.39089035987854,
    "best_sample_nr_db": 12.741474151611328,
    "worst_path_mean_nr_db": 1.4767547845840454,
    "best_path_mean_nr_db": 12.120816230773926,
    "negative_sample_count": 0,
    "negative_path_count": 0,
    "num_samples": 8,
    "num_paths": 2
  }
}