{
  "num_seeds": 3,
  "seeds": [
    2026,
    2027,
    2028
  ],
  "recommended_seed_by_validation": 2026,
  "recommended_best_step": 11000,
  "best_validation_nr_db": {
    "mean": 12.270420288667083,
    "std": 0.2034164269777456,
    "min": 12.072038298472762,
    "max": 12.478522634133697
  },
  "seen_mean_nr_db": {
    "mean": 10.616168887043992,
    "std": 0.23829411785132545,
    "min": 10.38775491155684,
    "max": 10.863245654851198
  },
  "seen_worst_path_nr_db": {
    "mean": 0.7570267965396246,
    "std": 0.03644469744725108,
    "min": 0.7301900684833527,
    "max": 0.7985175400972366
  },
  "unseen_mean_nr_db": {
    "mean": 7.1546197185913725,
    "std": 0.17653750565101733,
    "min": 6.988824561238289,
    "max": 7.340227887034416
  },
  "unseen_worst_path_nr_db": {
    "mean": 1.477743039528529,
    "std": 0.052205445873542304,
    "min": 1.441389948129654,
    "max": 1.5375638902187347
  }
}