{
  "mean_sample_nr_db": 6.712676405906677,
  "std_sample_nr_db": 5.2497867184484805,
  "pooled_energy_nr_db": 3.332798485995731,
  "worst_sample_nr_db": 1.3753639459609985,
  "best_sample_nr_db": 12.352734565734863,
  "worst_path_mean_nr_db": 1.4692671298980713,
  "best_path_mean_nr_db": 11.956085681915283,
  "negative_sample_count": 0,
  "negative_path_count": 0,
  "num_samples": 8,
  "num_paths": 2
}