{
  "mean_sample_nr_db": 10.623446123674512,
  "std_sample_nr_db": 4.468700544342494,
  "pooled_energy_nr_db": 6.605218655833527,
  "worst_sample_nr_db": 0.6794912815093994,
  "best_sample_nr_db": 15.225688934326172,
  "worst_path_mean_nr_db": 0.7731387764215469,
  "best_path_mean_nr_db": 14.240865230560303,
  "negative_sample_count": 0,
  "negative_path_count": 0,
  "num_samples": 32,
  "num_paths": 8
}