{
  "num_seeds": 1,
  "seeds": [
    2026
  ],
  "recommended_seed_by_validation": 2026,
  "recommended_best_step": 20,
  "best_validation_nr_db": {
    "mean": 8.15616357512772,
    "std": 0.0,
    "min": 8.15616357512772,
    "max": 8.15616357512772
  },
  "seen_mean_nr_db": {
    "mean": 3.3674671603366733,
    "std": 0.0,
    "min": 3.3674671603366733,
    "max": 3.3674671603366733
  },
  "seen_worst_path_nr_db": {
    "mean": 0.37714942544698715,
    "std": 0.0,
    "min": 0.37714942544698715,
    "max": 0.37714942544698715
  },
  "unseen_mean_nr_db": {
    "mean": 2.373979791998863,
    "std": 0.0,
    "min": 2.373979791998863,
    "max": 2.373979791998863
  },
  "unseen_worst_path_nr_db": {
    "mean": 0.9420131146907806,
    "std": 0.0,
    "min": 0.9420131146907806,
    "max": 0.9420131146907806
  }
}