{
  "seed": 2028,
  "best_step": 7500,
  "best_validation_nr_db": 12.26069993339479,
  "seen_paths": {
    "mean_sample_nr_db": 10.863245654851198,
    "std_sample_nr_db": 4.596620934881075,
    "pooled_energy_nr_db": 6.649458952690742,
    "worst_sample_nr_db": 0.6746664047241211,
    "best_sample_nr_db": 15.245519638061523,
    "worst_path_mean_nr_db": 0.7423727810382843,
    "best_path_mean_nr_db": 14.109112739562988,
    "negative_sample_count": 0,
    "negative_path_count": 0,
    "num_samples": 32,
    "num_paths": 8
  },
  "unseen_paths": {
    "mean_sample_nr_db": 7.134806707501411,
    "std_sample_nr_db": 5.723547550378229,
    "pooled_energy_nr_db": 3.3604132975666157,
    "worst_sample_nr_db": 1.398322582244873,
    "best_sample_nr_db": 13.674871444702148,
    "worst_path_mean_nr_db": 1.4542752802371979,
    "best_path_mean_nr_db": 12.815338134765625,
    "negative_sample_count": 0,
    "negative_path_count": 0,
    "num_samples": 8,
    "num_paths": 2
  }
}