{
  "num_seeds": 3,
  "seeds": [
    2026,
    2027,
    2028
  ],
  "recommended_seed_by_validation": 2027,
  "recommended_best_step": 9000,
  "best_validation_nr_db": {
    "mean": 12.442122573653856,
    "std": 0.11547474015413381,
    "min": 12.30927924439311,
    "max": 12.518489237874746
  },
  "seen_mean_nr_db": {
    "mean": 10.708272468919555,
    "std": 0.2532659381093203,
    "min": 10.508307829499245,
    "max": 10.99306345358491
  },
  "seen_worst_path_nr_db": {
    "mean": 0.7653827021519343,
    "std": 0.012495644973698447,
    "min": 0.7509678900241852,
    "max": 0.7731387764215469
  },
  "unseen_mean_nr_db": {
    "mean": 6.857177868485451,
    "std": 0.18090915407441036,
    "min": 6.712676405906677,
    "max": 7.060071691870689
  },
  "unseen_worst_path_nr_db": {
    "mean": 1.4681699573993683,
    "std": 0.009182705569483713,
    "min": 1.4584879577159882,
    "max": 1.4767547845840454
  }
}